-- phpMyAdmin SQL Dump
-- version 4.0.4.1
-- http://www.phpmyadmin.net
--
-- Inang: 127.0.0.1
-- Waktu pembuatan: 29 Agu 2022 pada 06.44
-- Versi Server: 5.5.32
-- Versi PHP: 5.4.19

SET SQL_MODE = "NO_AUTO_VALUE_ON_ZERO";
SET time_zone = "+00:00";


/*!40101 SET @OLD_CHARACTER_SET_CLIENT=@@CHARACTER_SET_CLIENT */;
/*!40101 SET @OLD_CHARACTER_SET_RESULTS=@@CHARACTER_SET_RESULTS */;
/*!40101 SET @OLD_COLLATION_CONNECTION=@@COLLATION_CONNECTION */;
/*!40101 SET NAMES utf8 */;

--
-- Basis data: `andon_new`
--
CREATE DATABASE IF NOT EXISTS `andon_new` DEFAULT CHARACTER SET latin1 COLLATE latin1_swedish_ci;
USE `andon_new`;

-- --------------------------------------------------------

--
-- Struktur dari tabel `karyawan`
--

CREATE TABLE IF NOT EXISTS `karyawan` (
  `npk` int(4) NOT NULL,
  `nama` tinytext NOT NULL,
  `departemen` tinytext NOT NULL,
  `password` varchar(8) NOT NULL,
  PRIMARY KEY (`npk`)
) ENGINE=InnoDB DEFAULT CHARSET=latin1;

--
-- Dumping data untuk tabel `karyawan`
--

INSERT INTO `karyawan` (`npk`, `nama`, `departemen`, `password`) VALUES
(8, 'Bayu Wibisono', 'Produksi', 'prod0008'),
(11, 'Sugeng Sunaryo', 'Eng/Mtc', 'main0011'),
(16, 'Arief Budiman', 'Quality', 'qual0016'),
(18, 'Ila Kurnia', 'Produksi', 'prod0018'),
(19, 'Siti Mariyam', 'Produksi', 'prod0019'),
(22, 'Nasirudin', 'Quality', 'qual0022'),
(32, 'Siti Jaenap Ramadhan', 'Produksi', 'prod0032'),
(36, 'Aji Dwianto', 'Quality', 'qual0036'),
(39, 'Rismayanti', 'Produksi', 'prod0039'),
(40, 'Siti Ningrum', 'Produksi', 'prod0040'),
(53, 'Ayu Rizki', 'Produksi', 'prod0053'),
(62, 'Mustakim', 'Eng/Mtc', 'main0062'),
(64, 'Fajar Eko Susanto', 'Quality', 'qual0064'),
(73, 'Sari Khofifah', 'Produksi', 'prod0073'),
(82, 'Agung Budiyanto', 'Quality', 'qual0082'),
(112, 'Siti Komalasari', 'Produksi', 'prod0112'),
(114, 'Zico Aprireza', 'Eng/Mtc', 'main0114'),
(117, 'Prasetio Adi Sasono', 'Eng/Mtc', 'main0117'),
(141, 'Dwi Anggraeni', 'Produksi', 'prod0141'),
(144, 'Marsisto Utoyo', 'Quality', 'qual0144'),
(157, 'Lukman Nulhakim', 'Eng/Mtc', 'main0157'),
(196, 'Mutia Rachmawati', 'Produksi', 'prod0196'),
(211, 'Yunita Pratiwi', 'Produksi', 'prod0211'),
(214, 'Arif Setiawan', 'Quality', 'qual0214'),
(235, 'Anisa', 'Produksi', 'prod0235'),
(245, 'Ramdoni', 'Produksi', 'prod0245'),
(255, 'Rahayu Suci Kurnia', 'Produksi', 'prod0255'),
(319, 'Syabanul Khafi Tanjung', 'Eng/Mtc', 'main0319'),
(320, 'Ibnu Khaerudin', 'Eng/Mtc', 'main0320'),
(368, 'Ade Rukmi Sarastiti', 'Quality', 'qual0368'),
(371, 'Roby Sunggoro', 'Produksi', 'prod0371'),
(373, 'Ryan Ahsani Taqwim', 'Eng/Mtc', 'main0373'),
(397, 'Bayu Septiadi Putra', 'Eng/Mtc', 'main0397'),
(407, 'Kike Nurhakim', 'Produksi', 'prod0407'),
(409, 'Gilang Dean Nugraha', 'Produksi', 'prod0409'),
(412, 'Rian Setiawan', 'Quality', 'qual0412'),
(437, 'Fitri Arfiani', 'Produksi', 'prod0437'),
(459, 'Saifuddin Fathi Salam', 'Eng/Mtc', 'main0459'),
(462, 'Nur Aisyah', 'Produksi', 'prod0462'),
(464, 'Hanifah Amatulloh', 'Produksi', 'prod0464'),
(466, 'M. Abi Nugraha', 'Produksi', 'prod0466'),
(468, 'Eka Fauziah', 'Produksi', 'prod0468'),
(469, 'Tiyas Sulis Setyawati', 'Produksi', 'prod0469'),
(470, 'Nelly Fadlia Putri', 'Produksi', 'prod0470'),
(472, 'Fitri Dwi', 'Produksi', 'prod0472'),
(473, 'Ade Rizki Lubis', 'Eng/Mtc', 'main0473'),
(475, 'Elvira Dwi Septiyani', 'Produksi', 'prod0475'),
(476, 'Imam Gunawan', 'Quality', 'qual0476'),
(477, 'Dian Novia', 'Produksi', 'prod0477'),
(478, 'Nanang Kriscandono', 'Eng/Mtc', 'main0478'),
(481, 'Widi Astuti', 'Produksi', 'prod0481'),
(482, 'Maulidatul Fazriah', 'Produksi', 'prod0482'),
(483, 'Siti Nuramalia', 'Produksi', 'prod0483'),
(484, 'Widya Pangestika', 'Produksi', 'prod0484'),
(489, 'Dinda Sari', 'Produksi', 'prod0489'),
(490, 'Nurul Fadilah', 'Produksi', 'prod0490'),
(491, 'Winda Lestari', 'Produksi', 'prod0491'),
(492, 'Riana Alifvia', 'Produksi', 'prod0492'),
(493, 'Evi Hapipah', 'Produksi', 'prod0493'),
(494, 'Nurul Aeni', 'Produksi', 'prod0494'),
(495, 'Shinta Sindi Pertiwi', 'Produksi', 'prod0495'),
(498, 'Rahman', 'Quality', 'qual0498'),
(499, 'Hasnita Pratiwi', 'Produksi', 'prod0499'),
(500, 'Aziyah Laely', 'Produksi', 'prod0500'),
(503, 'Richa Kusuma Evendi', 'Produksi', 'prod0503'),
(504, 'Della Aprilia', 'Produksi', 'prod0504'),
(505, 'Enggar Yulistia Prahesti', 'Produksi', 'prod0505'),
(506, 'Utami Ade Ningsih', 'Produksi', 'prod0506'),
(507, 'Elisa Kiranti', 'Produksi', 'prod0507'),
(508, 'Prihatini', 'Produksi', 'prod0508'),
(509, 'Meli Nur Habibah', 'Produksi', 'prod0509'),
(510, 'Delia Novita Sari', 'Produksi', 'prod0510'),
(511, 'Arlika Indriani', 'Produksi', 'prod0511'),
(512, 'Dina Setyani', 'Produksi', 'prod0512'),
(513, 'Rr Intan Ade Budiarum', 'Produksi', 'prod0513'),
(514, 'Karmila Kamal', 'Produksi', 'prod0514'),
(515, 'Muhammad Zidan Maulana', 'Produksi', 'prod0515'),
(518, 'Muhammad Azzam Al Afifi', 'Produksi', 'prod0518'),
(519, 'Eriska Triana Purwanty', 'Produksi', 'prod0519'),
(520, 'Nur Kayla Dewinta', 'Produksi', 'prod0520'),
(522, 'Firda Nurbaeti', 'Produksi', 'prod0522'),
(524, 'Muhammad Alwin Andriansyah', 'Produksi', 'prod0524'),
(525, 'Jaka Maulana Purba', 'Eng/Mtc', 'main0525'),
(527, 'Maulana Yusuf', 'Produksi', 'prod0527'),
(528, 'Muhammad Akbar Nurhidayat', 'Produksi', 'prod0528'),
(530, 'Sahrul Mauludin', 'Eng/Mtc', 'main0530'),
(531, 'Dandi Syahputra', 'Eng/Mtc', 'main0531'),
(533, 'Muhamad Anryansyah', 'Quality', 'qual0533'),
(534, 'Wirda Maulida Rahmah', 'Produksi', 'prod0534'),
(536, 'Fitri Mamawarni', 'Produksi', 'prod0536'),
(538, 'Nur Anggrayani', 'Produksi', 'prod0538'),
(539, 'Aditia Faramita', 'Produksi', 'prod0539'),
(540, 'Shofi Aulia Rochani', 'Produksi', 'prod0540'),
(541, 'Siti Khodijah', 'Produksi', 'prod0541'),
(542, 'Suendro', 'Produksi', 'prod0542'),
(544, 'Milawati', 'Produksi', 'prod0544'),
(545, 'Siwi Fauziah', 'Produksi', 'prod0545'),
(546, 'Devi Komalasari', 'Produksi', 'prod0546'),
(547, 'Santi Aprilia', 'Produksi', 'prod0547'),
(548, 'Riska Dila Apriliani', 'Produksi', 'prod0548'),
(549, 'Khusni Khayatul Fatichah', 'Produksi', 'prod0549'),
(550, 'Rizki Septian Nasution', 'Produksi', 'prod0550'),
(551, 'Alfia Zahra Wulandari', 'Produksi', 'prod0551'),
(553, 'Novita Sari', 'Produksi', 'prod0553'),
(554, 'Diana Safitri', 'Produksi', 'prod0554'),
(556, 'Tika Juliyanti', 'Produksi', 'prod0556'),
(557, 'Diannita Vella Suffah', 'Produksi', 'prod0557'),
(560, 'Panji Abdul Rahman', 'Produksi', 'prod0560'),
(561, 'Renintya Gitasmara', 'Produksi', 'prod0561'),
(574, 'Mila Sari\r\n', 'Produksi', 'prod574'),
(575, 'Srikandi Puspaningtyas\r\n', 'Produksi', 'prod0575'),
(577, 'Aprilia Jenio Mustika\r\n', 'Produksi', 'prod0577'),
(578, 'Dama Yanti Safitri', 'Produksi', 'prod0578'),
(596, 'Reza Ria Andriani\r\n', 'Produksi', 'prod0596'),
(597, 'Intan Yuniar', 'Produksi', 'prod0597'),
(598, 'Yan Yan Agustin', 'Produksi', 'prod0598'),
(613, 'Syahrany', 'Produksi', 'prod0613'),
(617, 'Dilla Agista', 'Produksi', 'prod0617'),
(620, 'Sally Novtafani', 'Produksi', 'prod0620'),
(623, 'Arpiyati Lestari', 'Produksi', 'prod0623'),
(633, 'deky', 'Eng/Mtc', 'main0633'),
(645, 'Putri Ramadani', 'Produksi', 'prod0645'),
(651, 'Asri Utami', 'Produksi', 'prod0651'),
(653, 'Luluk Windi Agustina', 'Produksi', 'prod0653'),
(657, 'Lia Kamelia', 'Produksi', 'prod0657'),
(659, 'Dyah Ayu Puji Safitri', 'Produksi', 'prod0659'),
(664, 'Dera Kathlia Putri', 'Produksi', 'prod0664'),
(999, 'quality bypass', 'quality', 'qual0999');

-- --------------------------------------------------------

--
-- Struktur dari tabel `smt`
--

CREATE TABLE IF NOT EXISTS `smt` (
  `no` int(10) NOT NULL AUTO_INCREMENT,
  `name` text NOT NULL,
  `cluster` tinytext NOT NULL,
  `status` int(2) NOT NULL DEFAULT '1',
  PRIMARY KEY (`no`)
) ENGINE=InnoDB  DEFAULT CHARSET=latin1 AUTO_INCREMENT=30 ;

--
-- Dumping data untuk tabel `smt`
--

INSERT INTO `smt` (`no`, `name`, `cluster`, `status`) VALUES
(1, 'Destecker', 'TOP', 1),
(2, 'PWB Cleaning', 'TOP', 1),
(3, 'Label Barcode (TOP)', 'TOP', 1),
(4, 'Solder Paste Printing (TOP)', 'TOP', 1),
(5, 'SPI (TOP)', 'TOP', 1),
(6, 'Pick & Place (TOP)', 'TOP', 1),
(7, 'Reflow Oven (TOP)', 'TOP', 1),
(8, 'AOI (TOP)', 'TOP', 1),
(9, 'Label Barcode (BOTTOM)', 'BOTTOM', 1),
(10, 'Solder Paste Printing (BOTTOM)', 'BOTTOM', 1),
(11, 'SPI (BOTTOM)', 'BOTTOM', 1),
(12, 'Pick & Place (BOTTOM)', 'BOTTOM', 1),
(13, 'Reflow Oven (BOTTOM)', 'BOTTOM', 1),
(14, 'AOI (BOTTOM)', 'BOTTOM', 1),
(15, 'Manual Insert', 'BACK END', 1),
(16, 'Fluxer', 'BACK END', 1),
(17, 'Heater', 'BACK END', 1),
(18, 'Selective Solder 1', 'BACK END', 1),
(19, 'Selective Solder 2', 'BACK END', 1),
(20, 'ICT 1', 'TEST', 1),
(21, 'ICT 2', 'TEST', 1),
(22, 'Flash 1', 'TEST', 1),
(23, 'Flash 2', 'TEST', 1),
(24, 'Router', 'TEST', 1),
(25, 'FCT 1', 'TEST', 1),
(26, 'FCT 2', 'TEST', 1),
(27, 'FCT 3', 'TEST', 1),
(28, 'FCT 4', 'TEST', 1),
(29, 'Coating', 'TEST', 1);

-- --------------------------------------------------------

--
-- Struktur dari tabel `smt_action`
--

CREATE TABLE IF NOT EXISTS `smt_action` (
  `no` int(11) NOT NULL AUTO_INCREMENT,
  `id_trouble` int(10) NOT NULL,
  `date_trouble` date NOT NULL,
  `time_trouble` time NOT NULL,
  `no_station` int(10) NOT NULL,
  `nama_station` tinytext NOT NULL,
  `trouble` text NOT NULL,
  `action` text NOT NULL,
  `name` tinytext NOT NULL,
  PRIMARY KEY (`no`),
  KEY `no_station` (`no_station`),
  KEY `id-trouble` (`id_trouble`)
) ENGINE=InnoDB  DEFAULT CHARSET=latin1 AUTO_INCREMENT=184 ;

--
-- Dumping data untuk tabel `smt_action`
--

INSERT INTO `smt_action` (`no`, `id_trouble`, `date_trouble`, `time_trouble`, `no_station`, `nama_station`, `trouble`, `action`, `name`) VALUES
(3, 3, '2021-04-30', '09:19:03', 1, 'Destecker', 'Err', 'Clean', 'Syabanul Khafi Tanjung'),
(4, 4, '2021-05-05', '16:07:34', 25, 'FCT 1', 'Oke', 'Okee', 'Syabanul Khafi Tanjung'),
(5, 5, '2021-05-05', '16:11:49', 21, 'ICT 2', 'Hang', 'Restart', 'Ade Rizki Lubis'),
(6, 6, '2021-05-05', '16:14:27', 6, 'Pick & Place (TOP)', 'Teßt', 'Test', 'Ade Rizki Lubis'),
(7, 7, '2021-05-05', '17:37:04', 9, 'Label Barcode (BOTTOM)', 'Label habis', 'Ganti label', 'Ade Rizki Lubis'),
(8, 8, '2021-05-05', '22:14:44', 21, 'ICT 2', 'Tidak detek pcb', 'Cleaning sensor', 'Zico Aprireza'),
(9, 9, '2021-05-06', '05:46:36', 26, 'FCT 2', 'Erorr cim gk konek', 'Refresh cim(waitingmtc sedang ke toilet)', 'Zico Aprireza'),
(10, 10, '2021-05-07', '05:44:23', 19, 'Selective Solder 2', 'Seho 1 erorr t/F (hank)', 'C/A Restart mesin', 'Zico Aprireza'),
(11, 11, '2021-05-07', '15:18:53', 24, 'Router', 'Test', 'Test', 'Ade Rizki Lubis'),
(12, 12, '2021-05-07', '16:30:46', 12, 'Pick & Place (BOTTOM)', 'Error conveyor transfer ', 'Setting PCB ', 'Ade Rizki Lubis'),
(13, 13, '2021-05-07', '21:42:11', 1, 'Destecker', 'Test aplikasi', 'Test', 'Zico Aprireza'),
(14, 14, '2021-05-07', '21:45:51', 3, 'Label Barcode (TOP)', 'Hasil print geser\r\n', 'Setting posisi label', 'Zico Aprireza'),
(15, 15, '2021-05-07', '22:37:53', 20, 'ICT 1', 'PCB tidak derek panel', 'Cleaning sensor', 'Zico Aprireza'),
(16, 16, '2021-05-08', '00:24:25', 3, 'Label Barcode (TOP)', 'Ribbon habis', 'Ganti ribbon', 'Zico Aprireza'),
(17, 17, '2021-05-08', '08:57:40', 12, 'Pick & Place (BOTTOM)', 'Conveyor macet PCB double', 'Keluarkan PCB dan ready on', 'Syabanul Khafi Tanjung'),
(18, 18, '2021-05-08', '09:05:40', 12, 'Pick & Place (BOTTOM)', 'Conveyor modul 1 double', 'Keluarkan PCB dan cleaning sensor', 'Syabanul Khafi Tanjung'),
(19, 19, '2021-05-08', '18:54:42', 9, 'Label Barcode (BOTTOM)', 'Servo alarm', 'Homing position x Y Zaxis', 'Syabanul Khafi Tanjung'),
(20, 20, '2021-05-08', '19:03:40', 9, 'Label Barcode (BOTTOM)', 'Label not on filter', 'Reset and start', 'Syabanul Khafi Tanjung'),
(21, 21, '2021-05-08', '20:08:02', 9, 'Label Barcode (BOTTOM)', 'Erorr pickup (hasil print geser)', 'Setting posisi label', 'Zico Aprireza'),
(22, 22, '2021-05-10', '06:14:27', 12, 'Pick & Place (BOTTOM)', 'Erorr pickup modul 5', 'Cleaning nozle', 'Zico Aprireza'),
(23, 23, '2021-05-10', '07:19:02', 20, 'ICT 1', 'Erorr pengukuran, Ng+ mesin router erorr\r\n(Penyebabnya low pressure), angin', 'Tidak ada info jalur angin ICT s/d router supply dari kompresor baru (kondisi kompresor sudah off) N', 'Zico Aprireza'),
(24, 24, '2021-05-19', '11:06:35', 13, 'Reflow Oven (BOTTOM)', 'Refflow tiba² mati (motor heater)', 'Power on ulang dan waiting suhu', 'Zico Aprireza'),
(25, 25, '2021-05-20', '13:53:19', 3, 'Label Barcode (TOP)', 'Label habis', 'Ganti label dan setting posisi label', 'Zico Aprireza'),
(26, 26, '2021-05-21', '10:21:15', 8, 'AOI (TOP)', 'Data cim tidak masuk', 'Restart mesin', 'Zico Aprireza'),
(27, 28, '2021-05-21', '15:02:43', 12, 'Pick & Place (BOTTOM)', 'Kithandy tidak connect (gara² baterainya low) kithandy tidak di cas oleh operator', 'Cas kithandy dan regist up ulang', 'Zico Aprireza'),
(28, 29, '2021-05-21', '17:22:06', 3, 'Label Barcode (TOP)', 'Erorr pickup (label terlalu lengket)', 'Setting posisi label', 'Zico Aprireza'),
(29, 30, '2021-05-21', '17:27:25', 8, 'AOI (TOP)', 'Erorr Hank saat proses auto', 'Reload ulang program auto', 'Zico Aprireza'),
(30, 31, '2021-05-24', '18:21:58', 8, 'AOI (TOP)', 'Cim AOi erorr', 'Restart m/c', 'Zico Aprireza'),
(31, 32, '2021-05-25', '23:39:57', 6, 'Pick & Place (TOP)', 'Nozle jatuh', 'Pasang nozle\r\n', 'Lukman Nulhakim'),
(32, 33, '2021-05-26', '21:08:33', 12, 'Pick & Place (BOTTOM)', 'Cleaning nozle', 'Cleaning nozle', 'Lukman Nulhakim'),
(33, 34, '2021-05-29', '14:24:34', 12, 'Pick & Place (BOTTOM)', 'Erorr pickup clamp', 'Ganti nnozle dan cleaning head', 'Zico Aprireza'),
(34, 35, '2021-05-30', '20:49:03', 6, 'Pick & Place (TOP)', 'Erorr pickup fedder modul 5-32', 'Setting offset y pickup (Axis) \r\nSettingan awal 0 jadi -0.3', 'Zico Aprireza'),
(35, 36, '2021-05-30', '22:21:13', 12, 'Pick & Place (BOTTOM)', 'Erorr pickup', 'Ganti fedder', 'Zico Aprireza'),
(36, 37, '2021-05-31', '00:34:27', 12, 'Pick & Place (BOTTOM)', 'Kepencet', 'Kepencet', 'Zico Aprireza'),
(37, 38, '2021-05-31', '01:50:53', 12, 'Pick & Place (BOTTOM)', 'Erorr pickup', 'Ganti nozle', 'Zico Aprireza'),
(38, 39, '2021-05-31', '06:05:47', 18, 'Selective Solder 1', 'Solder pump gk keluar', 'Ganti solder bath dan droshing + waiting suhu', 'Zico Aprireza'),
(39, 40, '2021-05-31', '08:45:08', 12, 'Pick & Place (BOTTOM)', 'Panel terbalik', 'Di', 'Lukman Nulhakim'),
(40, 41, '2021-06-01', '19:50:07', 6, 'Pick & Place (TOP)', 'Erorr pickup', 'Ganti Lot Komponen', 'Zico Aprireza'),
(41, 42, '2021-06-02', '00:31:11', 9, 'Label Barcode (BOTTOM)', 'Label habis', 'Ganti label dan setting', 'Zico Aprireza'),
(42, 43, '2021-06-02', '01:24:51', 24, 'Router', 'Bit router patah dan Spindle tidak bisa ngunci\r\nPenggunaan tab telat dari pihak produksi', 'Ganti bit sampai 4x, ganti spindle\r\nNote: erorr dari jam 23:58-01:29 Harusnya d/t dicut 45menit Break', 'Zico Aprireza'),
(43, 44, '2021-06-03', '15:39:13', 6, 'Pick & Place (TOP)', 'Axis motion next M2 top', 'Repair.holder. change nozle', 'Lukman Nulhakim'),
(44, 45, '2021-06-03', '20:07:49', 12, 'Pick & Place (BOTTOM)', 'Erorr pickup', 'Setting Offset y dari 2.72 Jadi -0.15', 'Zico Aprireza'),
(45, 46, '2021-06-04', '00:03:41', 12, 'Pick & Place (BOTTOM)', 'Erorr di jam Istirahat,pihak produksi yg mencet dan login account MTC', 'Tidak ada penanganan yg mencet orang produksi,Sudah ok sblm MTC melakukan perbaikan', 'Zico Aprireza'),
(46, 47, '2021-06-04', '11:31:29', 12, 'Pick & Place (BOTTOM)', 'IPS nozzle broken', 'Ganti nozzle', 'Syabanul Khafi Tanjung'),
(47, 48, '2021-06-07', '15:33:52', 4, 'Solder Paste Printing (TOP)', 'Erorr hank', 'Restart m/c', 'Zico Aprireza'),
(48, 49, '2021-06-07', '16:06:30', 12, 'Pick & Place (BOTTOM)', 'Komponen C262 erorr shifted', 'Cleaning nozle', 'Zico Aprireza'),
(49, 50, '2021-06-07', '18:17:52', 9, 'Label Barcode (BOTTOM)', 'Ribbon habis', 'Ganti ribbon', 'Zico Aprireza'),
(50, 52, '2021-06-08', '08:16:17', 12, 'Pick & Place (BOTTOM)', 'Error modul 6 line 12 Komponen missing', 'Cek nozzle ,cek feeder dan setting offset nozzle pick up', 'Ade Rizki Lubis'),
(51, 53, '2021-06-08', '08:35:22', 12, 'Pick & Place (BOTTOM)', 'Next change komponen', 'Operator salah nyambung komponen', 'Ade Rizki Lubis'),
(52, 55, '2021-06-08', '16:25:06', 24, 'Router', 'Bit router patah', 'Ganti bit ', 'Ade Rizki Lubis'),
(53, 54, '2021-06-08', '11:52:32', 23, 'Flash 2', 'Error Cim', 'Reload prograam dan restar pc', 'Ade Rizki Lubis'),
(54, 56, '2021-06-08', '16:57:11', 21, 'ICT 2', 'Pin 281 intermitten', 'Analisa err , trial , dan ganti pin 281, \r\nNote : speedlose jalan 1 ICT karena jalan or2k.', 'Syabanul Khafi Tanjung'),
(55, 57, '2021-06-09', '08:47:54', 4, 'Solder Paste Printing (TOP)', 'Erorr fiducial c/v', 'Cleaning fiducial C/v', 'Zico Aprireza'),
(56, 59, '2021-06-09', '15:40:39', 13, 'Reflow Oven (BOTTOM)', 'Listrik ngetrip', 'Power on kembali M/C dan waiting suhu', 'Zico Aprireza'),
(57, 60, '2021-06-09', '17:10:21', 18, 'Selective Solder 1', 'Erorr Hank saat t/f dari fluxer', 'Restart M/C', 'Zico Aprireza'),
(58, 61, '2021-06-09', '18:37:52', 6, 'Pick & Place (TOP)', 'Erorr komponen Drop fedder 1-8', 'Cleaning area camera', 'Zico Aprireza'),
(59, 62, '2021-06-09', '18:45:17', 6, 'Pick & Place (TOP)', 'Lanjutan erorr yg sebelumnya (IPS)', 'Penanganan agak lama karena waiting MTaC sedang break solat Maghrib', 'Zico Aprireza'),
(60, 63, '2021-06-10', '07:57:27', 12, 'Pick & Place (BOTTOM)', 'IC 100 erorr shifted position', 'Ganti tipe nozle dari 2.5 g jadi 2.5', 'Ade Rizki Lubis'),
(61, 64, '2021-06-10', '09:01:37', 21, 'ICT 2', 'Erorr pengukuran tidak stabil komponen C243,C512,D302', 'Cleaning pin probe dan setting voltase', 'Zico Aprireza'),
(62, 65, '2021-06-10', '09:15:08', 12, 'Pick & Place (BOTTOM)', 'Erorr Shifted IC100(7-12)', 'Setting ordinat', 'Zico Aprireza'),
(63, 68, '2021-06-10', '09:28:38', 21, 'ICT 2', 'Erorr pengukuran tidak stabil', 'Setting voltase', 'Zico Aprireza'),
(64, 66, '2021-06-10', '09:20:01', 12, 'Pick & Place (BOTTOM)', 'IC100 placement miring', 'Offset rotation placement', 'Zico Aprireza'),
(65, 69, '2021-06-10', '15:24:19', 6, 'Pick & Place (TOP)', 'Erorr pickup ', 'Ganti nozle, ganti fedder, ganti komponen', 'Zico Aprireza'),
(66, 70, '2021-06-11', '07:47:42', 6, 'Pick & Place (TOP)', 'Error pick up nozzle', 'Cek nozzle n holder head', 'Ade Rizki Lubis'),
(67, 71, '2021-06-11', '08:24:10', 19, 'Selective Solder 2', 'Stoper Seho Patah', 'Ganti stoper Seho', 'Zico Aprireza'),
(68, 72, '2021-06-11', '09:55:29', 18, 'Selective Solder 1', 'Pump selective tidak keluar', 'Kencangkan baut pump dan naikan pump', 'Zico Aprireza'),
(69, 73, '2021-06-11', '12:54:06', 18, 'Selective Solder 1', 'Erorr pump tidak keluar', 'Putar manual dan beri pelumas', 'Zico Aprireza'),
(70, 74, '2021-06-14', '06:10:51', 18, 'Selective Solder 1', 'Erorr Hank ', 'Restart m/c', 'Zico Aprireza'),
(71, 75, '2021-06-15', '02:21:34', 18, 'Selective Solder 1', 'Hank', 'Restart m/c', 'Zico Aprireza'),
(72, 76, '2021-06-15', '03:57:41', 25, 'FCT 1', 'Program tiba² ngehang', 'Restart dan copy pasang kabel feasa', 'Zico Aprireza'),
(73, 77, '2021-06-17', '10:35:42', 12, 'Pick & Place (BOTTOM)', 'IC 100 shifted', 'Edit data Theta -1.5 °', 'Lukman Nulhakim'),
(74, 78, '2021-06-17', '22:17:30', 26, 'FCT 2', 'Close program saat running', 'Copot pasang kabel serial com dan restart pc', 'Zico Aprireza'),
(75, 79, '2021-06-18', '02:14:51', 25, 'FCT 1', 'Nest 2 erorr serial com tidak derek dan tidak mau running auto', 'Restart m/c dan copot pasang serial com,cek manual Proses', 'Zico Aprireza'),
(76, 79, '2021-06-18', '02:14:51', 25, 'FCT 1', 'Nest 2 erorr serial com tidak derek dan tidak mau running auto', 'Restart m/c dan copot pasang serial com,cek manual Proses', 'Zico Aprireza'),
(77, 80, '2021-06-18', '03:29:22', 18, 'Selective Solder 1', 'Size C/v over sehingga PCB terjatuh', 'Setting size c/v', 'Zico Aprireza'),
(78, 81, '2021-06-18', '05:02:56', 26, 'FCT 2', 'Fact 2 erorr d603(kode MTC di login sama Pihak produksi tanpa sepengetahuan MTC)', 'Produksi gk jelas di tab padahal fact 1 masih Running, c/A cleaning area fiber optic', 'Zico Aprireza'),
(79, 82, '2021-06-18', '20:45:59', 6, 'Pick & Place (TOP)', 'Erorr pickup', 'Setting posisi offset feeder', 'Zico Aprireza'),
(80, 83, '2021-06-18', '23:24:54', 12, 'Pick & Place (BOTTOM)', 'Erorr shifted m6-12', 'Cleaning nozle', 'Zico Aprireza'),
(81, 84, '2021-06-19', '00:12:41', 12, 'Pick & Place (BOTTOM)', 'Erorr shifted dan standing m6-12', 'Ganti fedder setting posisi pickup', 'Zico Aprireza'),
(82, 85, '2021-06-19', '15:13:31', 8, 'AOI (TOP)', 'AOI Top hang ', 'Reset,reload ulang', 'Ade Rizki Lubis'),
(83, 86, '2021-06-19', '15:31:49', 8, 'AOI (TOP)', 'AOI Top Hank ,error pembacaan data', 'Restar ulang M/c dan PC server ', 'Ade Rizki Lubis'),
(84, 87, '2021-06-19', '17:35:21', 6, 'Pick & Place (TOP)', 'Error pick up LED M4 NXT Top', 'Ganti feeder ,ganti komponen lot 3x,setting speed offset ', 'Ade Rizki Lubis'),
(85, 88, '2021-06-20', '21:31:47', 6, 'Pick & Place (TOP)', 'Erorr fiducial head', 'Cleaning area camera', 'Zico Aprireza'),
(86, 89, '2021-06-21', '04:59:57', 8, 'AOI (TOP)', 'Hank proses', 'Reload program', 'Zico Aprireza'),
(87, 90, '2021-06-21', '13:18:58', 9, 'Label Barcode (BOTTOM)', 'Ganti label barcode Bottom,posisi label geser', 'Ganti label barcode,dan Setting posisi label agar terbaca .', 'Ade Rizki Lubis'),
(88, 91, '2021-06-22', '01:02:49', 12, 'Pick & Place (BOTTOM)', 'Missing komponen q224', 'Cek nozel dan fedder (masih di pantau)', 'Zico Aprireza'),
(89, 92, '2021-06-22', '01:27:56', 12, 'Pick & Place (BOTTOM)', 'Erorr pickup Komponen salah analisa yg erorr m3-9 bukan 4-18(di Loading Lis tidak ada data komponen)', 'Setting posisi fedder ', 'Zico Aprireza'),
(90, 93, '2021-06-22', '02:49:55', 12, 'Pick & Place (BOTTOM)', 'Q821erorr missing komponen', 'C/A cleaning nozle', 'Zico Aprireza'),
(91, 94, '2021-06-22', '07:55:53', 12, 'Pick & Place (BOTTOM)', 'Error missing komponen Q224 ,noozle nyangkut pada changer ,holder tidak mau pick up', 'Setting offset komponen ,cek holder nozzle ,perbaikan holder nozzle yang nyangkut ,Buan Valve angin,', 'Ade Rizki Lubis'),
(92, 95, '2021-06-22', '21:30:46', 4, 'Solder Paste Printing (TOP)', 'Hank saat proses', 'Restart PC Dan ready on start', 'Zico Aprireza'),
(93, 96, '2021-06-22', '23:17:11', 6, 'Pick & Place (TOP)', 'Erorr pickup', 'C/A ganti nozle', 'Zico Aprireza'),
(94, 97, '2021-06-23', '08:47:55', 6, 'Pick & Place (TOP)', '.', '.', 'Ade Rizki Lubis'),
(95, 97, '2021-06-23', '08:47:55', 6, 'Pick & Place (TOP)', '.', '.', 'Ade Rizki Lubis'),
(96, 98, '2021-06-23', '20:19:48', 8, 'AOI (TOP)', 'Hank proses', 'Restart PC', 'Zico Aprireza'),
(97, 99, '2021-06-23', '20:21:03', 26, 'FCT 2', 'Mau jalan model K15P tapi NG Rom terus dan close program (gk jadi running K15P langsung di ganti ke ', 'C/A by engineering (Reza)', 'Zico Aprireza'),
(98, 100, '2021-06-24', '01:31:50', 8, 'AOI (TOP)', 'Data cimnya error, karena PC rvsnya tiba² Mati', 'Power on PC rvs dan restart all PC (rvs,m/c, server cim AOi)', 'Zico Aprireza'),
(99, 100, '2021-06-24', '01:31:50', 8, 'AOI (TOP)', 'Kepencet', 'Kepencet', 'Zico Aprireza'),
(100, 102, '2021-06-25', '02:38:26', 12, 'Pick & Place (BOTTOM)', 'Tidak mau running (penyebabnya ada material komponen di area sensor IC)', 'Cleaning area sensor, turunkan nozle, restart mesin', 'Zico Aprireza'),
(101, 104, '2021-06-25', '09:48:36', 3, 'Label Barcode (TOP)', 'Label barcode error ', 'Ganti label barcode ,setting posisi label', 'Ade Rizki Lubis'),
(102, 103, '2021-06-25', '08:25:28', 26, 'FCT 2', 'Connector wirring putus,feasa tidak connect com port', 'Solder wirring kabel connector baru,cek feasa nest ,copot,pasang kabel feasa', 'Ade Rizki Lubis'),
(103, 106, '2021-06-25', '14:45:49', 6, 'Pick & Place (TOP)', 'Error Nozzle modul 1', 'Cleaning nozzle 1.0', 'Ade Rizki Lubis'),
(104, 107, '2021-06-26', '06:03:59', 18, 'Selective Solder 1', 'Erorr t/f', 'Restart m/c', 'Zico Aprireza'),
(105, 108, '2021-06-27', '19:35:28', 12, 'Pick & Place (BOTTOM)', 'Motor vaccum  module 3.4 bottom problem', 'Sementara pindah fedder. \r\n', 'Lukman Nulhakim'),
(106, 109, '2021-06-28', '09:40:27', 6, 'Pick & Place (TOP)', 'Error fiducial head', 'Cleaning area camera', 'Zico Aprireza'),
(107, 110, '2021-06-28', '10:45:46', 18, 'Selective Solder 1', 'Erorr t/f', 'Restart m/c', 'Zico Aprireza'),
(108, 111, '2021-06-28', '17:12:52', 12, 'Pick & Place (BOTTOM)', 'Missing komponen', 'Ganti nozle', 'Zico Aprireza'),
(109, 112, '2021-06-28', '17:41:57', 12, 'Pick & Place (BOTTOM)', 'Erorr pickup missing komponen', 'Cleaning camera, ganti nozle, setting placement, pindah lokasi komponen', 'Zico Aprireza'),
(110, 113, '2021-06-29', '23:30:25', 6, 'Pick & Place (TOP)', 'Eror pick up', 'Cleaning Nozzle , M2 Top', 'Lukman Nulhakim'),
(111, 114, '2021-07-05', '14:52:29', 13, 'Reflow Oven (BOTTOM)', 'Motor blower Stuck . Refflow bottom zone 2 upper', 'Putar manual motor blower', 'Lukman Nulhakim'),
(112, 115, '2021-07-08', '01:35:49', 8, 'AOI (TOP)', 'Data cim tidak masuk', 'Kesepakatan qc MTC dan produksi running Tanpa cim AOi top(jadi barang manual)', 'Zico Aprireza'),
(113, 116, '2021-07-09', '15:55:48', 9, 'Label Barcode (BOTTOM)', 'Label', 'Kondisi blm di stop after c/A oleh shift 2(9/7/2021)', 'Lukman Nulhakim'),
(114, 117, '2021-07-09', '21:40:27', 24, 'Router', 'Tombol kiri erorr', 'Ganti tombol dan Perbaiki wiring kabel', 'Zico Aprireza'),
(115, 118, '2021-07-12', '20:04:02', 18, 'Selective Solder 1', 'Erorr t/f', 'Restart m/c', 'Zico Aprireza'),
(116, 119, '2021-07-12', '21:48:18', 19, 'Selective Solder 2', 'Kompresor Erorr (all station SMT)', 'Reset erorr dan Power on kembali kompresor', 'Zico Aprireza'),
(117, 120, '2021-07-14', '23:12:15', 3, 'Label Barcode (TOP)', 'Hasil print label geser', 'C/A setting posisi label, ganti label, restart m/c', 'Zico Aprireza'),
(118, 121, '2021-07-16', '00:42:32', 6, 'Pick & Place (TOP)', 'Listrik di panel Turun dampak erorr di line FA', 'Naikan breaker di panel + cari penyebab erorrnya', 'Zico Aprireza'),
(119, 124, '2021-07-22', '14:06:44', 11, 'SPI (BOTTOM)', 'Error z Axis kamera spi', 'Cleaning/vacum  all area dan sensor lumasi c/v dengan WD', 'Ade Rizki Lubis'),
(120, 125, '2021-07-26', '11:45:09', 6, 'Pick & Place (TOP)', 'Erorr pickup nozle', 'C/A restart mesin, turunkan nozle manual', 'Zico Aprireza'),
(121, 126, '2021-07-26', '17:11:03', 4, 'Solder Paste Printing (TOP)', 'Erorr Hank saat proses', 'C/A restart m/c', 'Zico Aprireza'),
(122, 127, '2021-07-28', '07:34:50', 3, 'Label Barcode (TOP)', 'Label habis', 'C/a Ganti label dan setting posisi pickup label', 'Zico Aprireza'),
(123, 128, '2021-07-28', '08:00:55', 3, 'Label Barcode (TOP)', 'Erorr pickup (label kena cemical ) jadi lengket dan gagal pickup', 'Ganti label', 'Zico Aprireza'),
(124, 129, '2021-08-01', '19:15:12', 3, 'Label Barcode (TOP)', 'Erorr Label rubber head rusak', 'C/A ganti rubber', 'Zico Aprireza'),
(125, 130, '2021-08-01', '20:53:25', 4, 'Solder Paste Printing (TOP)', 'Fiducial c/v', 'Cleaning dan marking ulang fiducial c/v', 'Zico Aprireza'),
(126, 131, '2021-08-03', '03:04:07', 12, 'Pick & Place (BOTTOM)', 'Head M1 erorr', 'Skip modul 1', 'Zico Aprireza'),
(127, 132, '2021-08-03', '14:05:57', 10, 'Solder Paste Printing (BOTTOM)', 'Vbelt coal ,conveyor tidak jalan terhalang v belt', 'Akalin v belt dengan di rapihkan yang coak', 'Ade Rizki Lubis'),
(128, 133, '2021-08-03', '17:36:01', 10, 'Solder Paste Printing (BOTTOM)', 'V belt conveyor putus', 'Buka cover ,pasang v belt baru', 'Ade Rizki Lubis'),
(129, 134, '2021-08-04', '02:30:37', 12, 'Pick & Place (BOTTOM)', 'Nozle terjatuh karena nabrak', 'Pasang kembali nozle ke nozle Changeer,cek pin clam dan perbaiki', 'Zico Aprireza'),
(130, 136, '2021-08-04', '21:20:16', 18, 'Selective Solder 1', 'Error t/f (Hank)', 'Restart m/c', 'Zico Aprireza'),
(131, 135, '2021-08-04', '12:51:59', 4, 'Solder Paste Printing (TOP)', '???', '??? (Di pencet tapi gk di ACC)', 'Lukman Nulhakim'),
(132, 137, '2021-08-05', '23:33:25', 25, 'FCT 1', 'Kabel tombol emergency tidak konek', 'Cek kabel dan perbaiki', 'Zico Aprireza'),
(133, 138, '2021-08-06', '04:30:19', 4, 'Solder Paste Printing (TOP)', 'Erorr limit Axis z ', 'Setting Limit z  table dgn Stancil', 'Zico Aprireza'),
(134, 139, '2021-08-06', '06:35:07', 18, 'Selective Solder 1', 'Erorr Hank', 'Restart m/c', 'Zico Aprireza'),
(135, 140, '2021-08-09', '21:01:30', 18, 'Selective Solder 1', 'Erorr Hank (t/f)', 'Restart mesin', 'Zico Aprireza'),
(136, 141, '2021-08-12', '02:50:04', 20, 'ICT 1', 'ICT 1blm ok sementara pakai ICT 2', 'Pakai ICT 2 (buat jalur angin sementara)', 'Zico Aprireza'),
(137, 143, '2021-08-12', '17:00:46', 3, 'Label Barcode (TOP)', 'Karet vacum copot ,sehingga tidak vacum,dan error label top', 'Ganti karet ,vacum,akalin pake lem glue,dan setting posisi label ganti label.', 'Ade Rizki Lubis'),
(138, 142, '2021-08-12', '16:59:17', 8, 'AOI (TOP)', 'AOI top hank', 'Reload ulang (Berbarengan dengan Label Top)', 'Ade Rizki Lubis'),
(139, 144, '2021-08-13', '04:45:15', 12, 'Pick & Place (BOTTOM)', 'Erorr pickup m6-22/K1ZA(DC)', 'Ganti type Nozle 2.5G(no Rubber)>2.5G rubber', 'Zico Aprireza'),
(140, 145, '2021-08-17', '20:08:26', 9, 'Label Barcode (BOTTOM)', 'Proses label c/t lambat', 'Restart pc', 'Zico Aprireza'),
(141, 146, '2021-08-17', '20:15:01', 12, 'Pick & Place (BOTTOM)', 'Erorr IPS modul 1', 'Cleaning camera head m1', 'Zico Aprireza'),
(142, 147, '2021-08-17', '22:23:04', 14, 'AOI (BOTTOM)', 'Pc rvs bottom lemot', 'Restart pc dan mesin', 'Zico Aprireza'),
(143, 148, '2021-08-19', '02:44:02', 3, 'Label Barcode (TOP)', 'Erorr io label tidak mau running auto', 'C/a restart dan cek fungsi di io satu persatu', 'Zico Aprireza'),
(144, 148, '2021-08-19', '02:44:02', 3, 'Label Barcode (TOP)', 'Erorr tidak mau proses auto (karena IO erorr)', 'Check fungsi satu/1 restart mesin dan pc + ganti label karena habis', 'Zico Aprireza'),
(145, 149, '2021-08-19', '04:58:12', 12, 'Pick & Place (BOTTOM)', 'Erorr head ', 'Copot head, cleaning, lubrikasi dan copot nozle manual', 'Zico Aprireza'),
(146, 150, '2021-08-19', '08:36:33', 12, 'Pick & Place (BOTTOM)', 'Error IPS ,alarm servo head', 'Cleaning head,lumasi  dan bantu manual naik turun mekanikal head ,putaran mekanikal head nozzle', 'Ade Rizki Lubis'),
(147, 151, '2021-08-19', '09:32:12', 2, 'PWB Cleaning', 'Error c/v lock sensor check', 'Cleaning sensor dan putar manual motor up down ', 'Ade Rizki Lubis'),
(148, 149, '2021-08-19', '04:58:12', 12, 'Pick & Place (BOTTOM)', 'Kepencet', 'Kepencet', 'Zico Aprireza'),
(149, 152, '2021-08-19', '20:55:35', 12, 'Pick & Place (BOTTOM)', 'Erorr nozle jatuh', 'C/A pasang nozle(mental sampai ke area IC)', 'Zico Aprireza'),
(150, 153, '2021-08-20', '13:16:16', 3, 'Label Barcode (TOP)', 'Label not pick up\r\nRed silicone nozle bocor/sobek', 'Ganti red silicone, teaching pick position', 'Lukman Nulhakim'),
(151, 154, '2021-08-20', '14:03:34', 3, 'Label Barcode (TOP)', 'Error pick up label,tidak vacum label', 'Setting posisi vacum ,setting posisi label,Coak   silicon red vacum ,supaya pick up maksimal', 'Lukman Nulhakim'),
(152, 155, '2021-08-20', '14:41:17', 12, 'Pick & Place (BOTTOM)', 'Error missing komponen c100 ,C602', 'Cek cordinate komponen,cek feeder,cek nozzle,ganti nozzle 1.3', 'Ade Rizki Lubis'),
(153, 156, '2021-08-26', '15:13:37', 12, 'Pick & Place (BOTTOM)', 'Erorr Missing komponen feedr4-11', 'Cleaning nozzle', 'Zico Aprireza'),
(154, 157, '2021-08-26', '15:24:58', 12, 'Pick & Place (BOTTOM)', 'Missing komponen m4-11', 'Pindah lokasi ke m2-6', 'Zico Aprireza'),
(155, 158, '2021-08-27', '07:50:18', 12, 'Pick & Place (BOTTOM)', 'Scaner eror', 'Perbaikan jaringan', 'Syabanul Khafi Tanjung'),
(156, 159, '2021-08-27', '10:34:13', 11, 'SPI (BOTTOM)', 'Conection intermitten', 'Restart PC dan cek connection LAN', 'Syabanul Khafi Tanjung'),
(157, 160, '2021-08-27', '15:04:27', 12, 'Pick & Place (BOTTOM)', 'Komponen mising Slot 12 M3 ', 'Cleaning nozzle,ganti feeder cek holder bermasalh', 'Ade Rizki Lubis'),
(158, 162, '2021-08-31', '14:41:15', 11, 'SPI (BOTTOM)', 'Air down,selang angin bocor ', 'Sambung selang angin ,yang sobek,lokasi diatas plafom .', 'Ade Rizki Lubis'),
(159, 163, '2021-09-01', '10:39:54', 11, 'SPI (BOTTOM)', '.', '.', 'Ade Rizki Lubis'),
(160, 164, '2021-09-10', '14:59:43', 12, 'Pick & Place (BOTTOM)', 'Komponen drop C568', 'Change Filter\r\nHolder JK', 'Syabanul Khafi Tanjung'),
(161, 165, '2021-09-13', '04:22:50', 3, 'Label Barcode (TOP)', 'Fail load file printing', 'Restart mesin, \r\n', 'Lukman Nulhakim'),
(162, 166, '2021-12-20', '06:06:05', 5, 'SPI (TOP)', 'Erorr jaringan cim', 'Restart PC m/c (blm close)', 'Zico Aprireza'),
(163, 168, '2022-02-22', '08:06:20', 20, 'ICT 1', 'c502 ict erorr prngukuran', 'setting voltase', 'Zico Aprireza'),
(164, 169, '2022-02-22', '08:25:25', 11, 'SPI (BOTTOM)', 'Test\r\n', 'Ok', 'Zico Aprireza'),
(165, 172, '2022-02-22', '08:41:47', 1, 'Destecker', 'Test', 'Ok', 'Zico Aprireza'),
(166, 173, '2022-02-22', '08:44:18', 2, 'PWB Cleaning', 'Test', 'Ok', 'Syabanul Khafi Tanjung'),
(167, 170, '2022-02-22', '08:39:31', 3, 'Label Barcode (TOP)', 'Test', 'Ok', 'Zico Aprireza'),
(168, 174, '2022-02-22', '08:46:13', 5, 'SPI (TOP)', 'Test', 'Ok', 'Syabanul Khafi Tanjung'),
(169, 175, '2022-02-22', '09:03:05', 7, 'Reflow Oven (TOP)', 'Test', 'Ok', 'Zico Aprireza'),
(170, 176, '2022-02-22', '09:09:14', 8, 'AOI (TOP)', 'Test', 'Ok', 'Zico Aprireza'),
(171, 177, '2022-02-22', '09:24:38', 12, 'Pick & Place (BOTTOM)', 'Fedder 8-16 erorr tidak cutting', 'C/a pindah posisi fedder ke 8-20', 'Zico Aprireza'),
(172, 178, '2022-02-22', '09:42:00', 29, 'Coating', 'Test', 'Ok', 'deky'),
(173, 179, '2022-02-22', '10:01:16', 24, 'Router', 'Bit router patah', 'Ganti Bit', 'deky'),
(174, 182, '2022-02-22', '11:32:48', 24, 'Router', 'Bit router patah', 'Ganti bit', 'deky'),
(175, 182, '2022-02-22', '11:32:48', 24, 'Router', 'Bit router patah', 'Ganti bit', 'deky'),
(176, 180, '2022-02-22', '11:26:12', 29, 'Coating', 'Test', 'Ok', 'Zico Aprireza'),
(177, 181, '2022-02-22', '11:28:31', 1, 'Destecker', 'Test', 'Ok', 'Zico Aprireza'),
(178, 183, '2022-02-22', '12:30:11', 3, 'Label Barcode (TOP)', 'Axis z not Home', 'Homing manual Axis Z', 'deky'),
(179, 184, '2022-02-23', '08:03:19', 12, 'Pick & Place (BOTTOM)', 'Feeder 7/20 No pick up Component\r\nK0JA', 'Pindah Feeder 6/14 \r\nK0JA', 'Zico Aprireza'),
(180, 185, '2022-02-26', '09:41:39', 12, 'Pick & Place (BOTTOM)', 'Erorr fiducial head', 'Cleaning area canera head', 'Zico Aprireza'),
(181, 186, '2022-03-01', '12:40:46', 12, 'Pick & Place (BOTTOM)', 'Trial open holder C modul 7', 'C/a by pak pras', 'Zico Aprireza'),
(182, 187, '2022-03-02', '07:05:28', 12, 'Pick & Place (BOTTOM)', 'Erorr pickup', 'Skip Holder D', 'Zico Aprireza'),
(183, 188, '2022-03-02', '10:44:30', 12, 'Pick & Place (BOTTOM)', 'Erorr pickup holder C dan d', 'Skip holder c Dan d', 'Zico Aprireza');

-- --------------------------------------------------------

--
-- Struktur dari tabel `smt_report`
--

CREATE TABLE IF NOT EXISTS `smt_report` (
  `id_trouble` int(11) NOT NULL AUTO_INCREMENT,
  `date_trouble` date NOT NULL,
  `time_trouble` time NOT NULL,
  `op_prod` int(4) NOT NULL,
  `no_station` int(10) NOT NULL,
  `nama_station` text NOT NULL,
  `start_repair` time DEFAULT NULL,
  `finish_repair` time DEFAULT NULL,
  `duration_repair` time DEFAULT NULL,
  `op_mtc` int(4) NOT NULL,
  `time_confirm` time DEFAULT NULL,
  `duration_all` time DEFAULT NULL,
  `op_qual` int(4) NOT NULL,
  PRIMARY KEY (`id_trouble`),
  KEY `no_station` (`no_station`)
) ENGINE=InnoDB  DEFAULT CHARSET=latin1 AUTO_INCREMENT=189 ;

--
-- Dumping data untuk tabel `smt_report`
--

INSERT INTO `smt_report` (`id_trouble`, `date_trouble`, `time_trouble`, `op_prod`, `no_station`, `nama_station`, `start_repair`, `finish_repair`, `duration_repair`, `op_mtc`, `time_confirm`, `duration_all`, `op_qual`) VALUES
(3, '2021-04-30', '09:19:03', 141, 1, 'Destecker', '09:19:30', '09:19:40', '00:00:10', 319, '16:16:02', '06:56:59', 16),
(4, '2021-05-05', '16:07:34', 556, 25, 'FCT 1', '16:07:58', '16:08:19', '00:00:21', 319, '16:17:15', '00:09:41', 36),
(5, '2021-05-05', '16:11:49', 19, 21, 'ICT 2', '16:12:13', '16:12:25', '00:00:12', 473, '16:16:20', '00:04:31', 16),
(6, '2021-05-05', '16:14:27', 481, 6, 'Pick & Place (TOP)', '16:15:02', '16:15:10', '00:00:08', 473, '16:15:46', '00:01:19', 16),
(7, '2021-05-05', '17:37:04', 19, 9, 'Label Barcode (BOTTOM)', '17:37:41', '17:37:53', '00:00:12', 473, '17:39:24', '00:02:20', 16),
(8, '2021-05-05', '22:14:44', 141, 21, 'ICT 2', '22:15:53', '22:17:33', '00:01:40', 114, '14:12:44', '15:58:00', 16),
(9, '2021-05-06', '05:46:36', 141, 26, 'FCT 2', '05:49:44', '05:50:44', '00:01:00', 114, '14:51:28', '09:04:52', 16),
(10, '2021-05-07', '05:44:23', 141, 19, 'Selective Solder 2', '05:46:07', '05:52:18', '00:06:11', 114, '14:51:52', '09:07:29', 16),
(11, '2021-05-07', '15:18:53', 513, 24, 'Router', '15:19:39', '15:19:59', '00:00:20', 473, '15:21:15', '00:02:22', 16),
(12, '2021-05-07', '16:30:46', 19, 12, 'Pick & Place (BOTTOM)', '16:33:24', '16:33:33', '00:00:09', 473, '16:41:42', '00:10:56', 16),
(13, '2021-05-07', '21:42:11', 141, 1, 'Destecker', '21:42:34', '21:43:00', '00:00:26', 114, '21:57:30', '00:15:19', 36),
(14, '2021-05-07', '21:45:51', 141, 3, 'Label Barcode (TOP)', '21:46:44', '21:46:55', '00:00:11', 114, '00:23:32', '02:37:41', 141),
(15, '2021-05-07', '22:37:53', 141, 20, 'ICT 1', '22:42:38', '22:42:48', '00:00:10', 114, '07:33:05', '08:55:12', 36),
(16, '2021-05-08', '00:24:25', 141, 3, 'Label Barcode (TOP)', '00:24:59', '00:26:43', '00:01:44', 114, '07:32:31', '07:08:06', 36),
(17, '2021-05-08', '08:57:40', 482, 12, 'Pick & Place (BOTTOM)', '09:01:07', '09:01:15', '00:00:08', 319, '09:02:26', '00:04:46', 16),
(18, '2021-05-08', '09:05:40', 482, 12, 'Pick & Place (BOTTOM)', '09:07:31', '09:08:46', '00:01:15', 319, '09:10:02', '00:04:22', 16),
(19, '2021-05-08', '18:54:42', 482, 9, 'Label Barcode (BOTTOM)', '18:55:15', '18:55:39', '00:00:24', 319, '18:57:03', '00:02:21', 16),
(20, '2021-05-08', '19:03:40', 482, 9, 'Label Barcode (BOTTOM)', '19:04:06', '19:04:44', '00:00:38', 319, '19:05:26', '00:01:46', 16),
(21, '2021-05-08', '20:08:02', 141, 9, 'Label Barcode (BOTTOM)', '20:08:45', '20:09:45', '00:01:00', 114, '11:11:33', '15:03:31', 144),
(22, '2021-05-10', '06:14:27', 141, 12, 'Pick & Place (BOTTOM)', '06:14:50', '06:20:58', '00:06:08', 114, '11:11:59', '04:57:32', 144),
(23, '2021-05-10', '07:19:02', 141, 20, 'ICT 1', '07:19:37', '07:40:53', '00:21:16', 114, '11:12:27', '03:53:25', 144),
(24, '2021-05-19', '11:06:35', 482, 13, 'Reflow Oven (BOTTOM)', '11:07:04', '11:25:06', '00:18:02', 114, '11:28:03', '00:21:28', 16),
(25, '2021-05-20', '13:53:19', 482, 3, 'Label Barcode (TOP)', '13:53:50', '14:01:13', '00:07:23', 114, '14:02:23', '00:09:04', 144),
(26, '2021-05-21', '10:21:15', 481, 8, 'AOI (TOP)', '10:21:55', '10:28:08', '00:06:13', 114, '10:30:09', '00:08:54', 144),
(27, '2021-05-21', '11:14:56', 481, 8, 'AOI (TOP)', '11:31:56', '11:39:09', '00:07:13', 473, '11:41:51', '00:26:55', 144),
(28, '2021-05-21', '15:02:43', 482, 12, 'Pick & Place (BOTTOM)', '15:04:24', '15:15:58', '00:11:34', 114, '15:18:53', '00:16:10', 144),
(29, '2021-05-21', '17:22:06', 481, 3, 'Label Barcode (TOP)', '17:22:46', '17:24:01', '00:01:15', 114, '17:24:55', '00:02:49', 144),
(30, '2021-05-21', '17:27:25', 481, 8, 'AOI (TOP)', '17:28:06', '17:31:28', '00:03:22', 114, '17:32:35', '00:05:10', 144),
(31, '2021-05-24', '18:21:58', 141, 8, 'AOI (TOP)', '18:22:18', '18:28:52', '00:06:34', 114, '18:31:14', '00:09:16', 144),
(32, '2021-05-25', '23:39:57', 482, 6, 'Pick & Place (TOP)', '23:51:07', '23:51:17', '00:00:10', 157, '21:09:36', '21:29:39', 16),
(33, '2021-05-26', '21:08:33', 482, 12, 'Pick & Place (BOTTOM)', '21:11:52', '21:12:02', '00:00:10', 157, '21:13:39', '00:05:06', 16),
(34, '2021-05-29', '14:24:34', 141, 12, 'Pick & Place (BOTTOM)', '14:24:55', '14:33:21', '00:08:26', 114, '14:37:57', '00:13:23', 36),
(35, '2021-05-30', '20:49:03', 141, 6, 'Pick & Place (TOP)', '20:49:29', '21:05:55', '00:16:26', 114, '21:10:31', '00:21:28', 16),
(36, '2021-05-30', '22:21:13', 141, 12, 'Pick & Place (BOTTOM)', '22:22:28', '22:29:59', '00:07:31', 114, '22:30:52', '00:09:39', 144),
(37, '2021-05-31', '00:34:27', 141, 12, 'Pick & Place (BOTTOM)', '00:35:35', '00:35:41', '00:00:06', 114, '01:50:33', '01:16:06', 141),
(38, '2021-05-31', '01:50:53', 141, 12, 'Pick & Place (BOTTOM)', '01:51:22', '02:03:40', '00:12:18', 114, '02:05:28', '00:14:35', 16),
(39, '2021-05-31', '06:05:47', 141, 18, 'Selective Solder 1', '06:06:21', '06:37:46', '00:31:25', 114, '06:41:24', '00:35:37', 16),
(40, '2021-05-31', '08:45:08', 482, 12, 'Pick & Place (BOTTOM)', '08:47:31', '08:47:37', '00:00:06', 157, '08:48:37', '00:03:29', 16),
(41, '2021-06-01', '19:50:07', 141, 6, 'Pick & Place (TOP)', '19:50:28', '20:06:29', '00:16:01', 114, '20:08:41', '00:18:34', 16),
(42, '2021-06-02', '00:31:11', 141, 9, 'Label Barcode (BOTTOM)', '00:32:02', '00:39:27', '00:07:25', 114, '20:31:52', '20:00:41', 16),
(43, '2021-06-02', '01:24:51', 141, 24, 'Router', '01:25:37', '02:05:39', '00:40:02', 114, '20:32:38', '19:07:47', 16),
(44, '2021-06-03', '15:39:13', 481, 6, 'Pick & Place (TOP)', '16:12:36', '16:13:41', '00:01:05', 157, '20:31:27', '04:52:14', 16),
(45, '2021-06-03', '20:07:49', 141, 12, 'Pick & Place (BOTTOM)', '20:08:49', '20:26:34', '00:17:45', 114, '20:30:53', '00:23:04', 16),
(46, '2021-06-04', '00:03:41', 141, 12, 'Pick & Place (BOTTOM)', '00:10:10', '00:58:53', '00:48:43', 114, '11:31:01', '11:27:20', 16),
(47, '2021-06-04', '11:31:29', 482, 12, 'Pick & Place (BOTTOM)', '11:34:57', '11:40:01', '00:05:04', 319, '16:06:11', '04:34:42', 16),
(48, '2021-06-07', '15:33:52', 141, 4, 'Solder Paste Printing (TOP)', '15:34:21', '15:37:15', '00:02:54', 114, '15:38:50', '00:04:58', 16),
(49, '2021-06-07', '16:06:30', 141, 12, 'Pick & Place (BOTTOM)', '16:06:59', '16:19:18', '00:12:19', 114, '16:20:54', '00:14:24', 16),
(50, '2021-06-07', '18:17:52', 141, 9, 'Label Barcode (BOTTOM)', '18:18:11', '18:20:35', '00:02:24', 114, '18:21:16', '00:03:24', 16),
(51, '2021-06-08', '07:37:22', 141, 20, 'ICT 1', '07:39:16', '07:41:01', '00:01:45', 114, '08:56:45', '01:19:23', 16),
(52, '2021-06-08', '08:16:17', 141, 12, 'Pick & Place (BOTTOM)', '08:17:09', '08:17:17', '00:00:08', 473, '08:34:53', '00:18:36', 141),
(53, '2021-06-08', '08:35:22', 141, 12, 'Pick & Place (BOTTOM)', '08:39:12', '08:39:19', '00:00:07', 473, '08:54:09', '00:18:47', 16),
(54, '2021-06-08', '11:52:32', 141, 23, 'Flash 2', '11:53:21', '11:54:36', '00:01:15', 473, '08:58:46', '21:06:14', 16),
(55, '2021-06-08', '16:25:06', 141, 24, 'Router', '16:25:31', '16:26:59', '00:01:28', 473, '08:59:44', '16:34:38', 16),
(56, '2021-06-08', '16:57:11', 141, 21, 'ICT 2', '16:57:36', '17:05:04', '00:07:28', 319, '08:57:59', '16:00:48', 16),
(57, '2021-06-09', '08:47:54', 141, 4, 'Solder Paste Printing (TOP)', '08:48:09', '08:52:41', '00:04:32', 114, '08:53:50', '00:05:56', 16),
(58, '2021-06-09', '15:39:51', 141, 13, 'Reflow Oven (BOTTOM)', NULL, NULL, NULL, 0, NULL, NULL, 0),
(59, '2021-06-09', '15:40:39', 141, 13, 'Reflow Oven (BOTTOM)', '15:41:03', '15:54:07', '00:13:04', 114, '15:55:17', '00:14:38', 16),
(60, '2021-06-09', '17:10:21', 141, 18, 'Selective Solder 1', '17:10:41', '17:13:37', '00:02:56', 114, '17:14:39', '00:04:18', 16),
(61, '2021-06-09', '18:37:52', 141, 6, 'Pick & Place (TOP)', '18:39:15', '18:41:28', '00:02:13', 114, '18:44:09', '00:06:17', 16),
(62, '2021-06-09', '18:45:17', 141, 6, 'Pick & Place (TOP)', '18:46:24', '18:50:10', '00:03:46', 114, '18:51:50', '00:06:33', 16),
(63, '2021-06-10', '07:57:27', 141, 12, 'Pick & Place (BOTTOM)', '07:58:00', '08:03:16', '00:05:16', 473, '08:12:14', '00:14:47', 144),
(64, '2021-06-10', '09:01:37', 141, 21, 'ICT 2', '09:03:34', '09:06:35', '00:03:01', 114, '09:09:16', '00:07:39', 16),
(65, '2021-06-10', '09:15:08', 141, 12, 'Pick & Place (BOTTOM)', '09:16:49', '09:17:34', '00:00:45', 114, '09:19:34', '00:04:26', 141),
(66, '2021-06-10', '09:20:01', 141, 12, 'Pick & Place (BOTTOM)', '09:20:55', '09:41:13', '00:20:18', 114, '14:43:52', '05:23:51', 16),
(67, '2021-06-10', '09:27:24', 141, 21, 'ICT 2', NULL, NULL, NULL, 0, NULL, NULL, 0),
(68, '2021-06-10', '09:28:38', 141, 21, 'ICT 2', '09:29:02', '09:31:10', '00:02:08', 114, '09:32:14', '00:03:36', 16),
(69, '2021-06-10', '15:24:19', 141, 6, 'Pick & Place (TOP)', '16:33:15', '16:33:22', '00:00:07', 114, '16:35:46', '01:11:27', 16),
(70, '2021-06-11', '07:47:42', 141, 6, 'Pick & Place (TOP)', '07:48:38', '07:50:47', '00:02:09', 473, '12:58:05', '05:10:23', 16),
(71, '2021-06-11', '08:24:10', 141, 19, 'Selective Solder 2', '08:26:23', '08:26:32', '00:00:09', 114, '12:57:44', '04:33:34', 16),
(72, '2021-06-11', '09:55:29', 141, 18, 'Selective Solder 1', '09:56:17', '10:00:51', '00:04:34', 114, '10:02:29', '00:07:00', 16),
(73, '2021-06-11', '12:54:06', 141, 18, 'Selective Solder 1', '12:54:32', '12:55:56', '00:01:24', 114, '12:57:13', '00:03:07', 16),
(74, '2021-06-14', '06:10:51', 141, 18, 'Selective Solder 1', '06:11:13', '06:14:45', '00:03:32', 114, '02:21:09', '20:10:18', 141),
(75, '2021-06-15', '02:21:34', 141, 18, 'Selective Solder 1', '02:22:51', '02:26:11', '00:03:20', 114, '15:17:12', '12:55:38', 36),
(76, '2021-06-15', '03:57:41', 141, 25, 'FCT 1', '04:00:22', '04:00:28', '00:00:06', 114, '15:16:23', '11:18:42', 36),
(77, '2021-06-17', '10:35:42', 482, 12, 'Pick & Place (BOTTOM)', '10:36:46', '10:51:10', '00:14:24', 157, '10:52:39', '00:16:57', 144),
(78, '2021-06-17', '22:17:30', 141, 26, 'FCT 2', '22:45:57', '22:46:09', '00:00:12', 114, '05:01:46', '06:44:16', 141),
(79, '2021-06-18', '02:14:51', 141, 25, 'FCT 1', '02:46:27', '02:46:47', '00:00:20', 114, '02:50:12', '00:35:21', 36),
(80, '2021-06-18', '03:29:22', 141, 18, 'Selective Solder 1', '03:29:56', '03:35:05', '00:05:09', 114, '03:36:28', '00:07:06', 36),
(81, '2021-06-18', '05:02:56', 141, 26, 'FCT 2', '05:03:29', '05:05:12', '00:01:43', 114, '03:13:58', '22:11:02', 36),
(82, '2021-06-18', '20:45:59', 141, 6, 'Pick & Place (TOP)', '20:47:14', '20:47:55', '00:00:41', 114, '20:49:42', '00:03:43', 36),
(83, '2021-06-18', '23:24:54', 141, 12, 'Pick & Place (BOTTOM)', '23:28:50', '23:32:01', '00:03:11', 114, '00:11:29', '00:46:35', 36),
(84, '2021-06-19', '00:12:41', 141, 12, 'Pick & Place (BOTTOM)', '00:16:03', '00:40:25', '00:24:22', 114, '00:41:51', '00:29:10', 36),
(85, '2021-06-19', '15:13:31', 481, 8, 'AOI (TOP)', '15:20:24', '15:20:30', '00:00:06', 473, '15:31:12', '00:17:41', 16),
(86, '2021-06-19', '15:31:49', 481, 8, 'AOI (TOP)', '15:38:00', '15:38:37', '00:00:37', 473, '17:34:30', '02:02:41', 36),
(87, '2021-06-19', '17:35:21', 481, 6, 'Pick & Place (TOP)', '17:41:54', '17:42:00', '00:00:06', 473, '21:31:29', '03:56:08', 16),
(88, '2021-06-20', '21:31:47', 481, 6, 'Pick & Place (TOP)', '21:32:09', '21:34:24', '00:02:15', 114, '21:35:05', '00:03:18', 16),
(89, '2021-06-21', '04:59:57', 481, 8, 'AOI (TOP)', '05:00:41', '05:00:54', '00:00:13', 114, '05:01:40', '00:01:43', 16),
(90, '2021-06-21', '13:18:58', 141, 9, 'Label Barcode (BOTTOM)', '13:19:30', '13:22:23', '00:02:53', 473, '03:13:05', '13:54:07', 36),
(91, '2021-06-22', '01:02:49', 19, 12, 'Pick & Place (BOTTOM)', '01:03:10', '01:12:11', '00:09:01', 114, '01:27:35', '00:24:46', 16),
(92, '2021-06-22', '01:27:56', 482, 12, 'Pick & Place (BOTTOM)', '01:29:01', '02:20:01', '00:51:00', 114, '02:32:54', '01:04:58', 16),
(93, '2021-06-22', '02:49:55', 482, 12, 'Pick & Place (BOTTOM)', '02:50:15', '03:04:03', '00:13:48', 114, '03:05:04', '00:15:09', 16),
(94, '2021-06-22', '07:55:53', 141, 12, 'Pick & Place (BOTTOM)', '07:56:18', '08:24:48', '00:28:30', 473, '21:31:53', '13:36:00', 36),
(95, '2021-06-22', '21:30:46', 481, 4, 'Solder Paste Printing (TOP)', '21:31:10', '21:35:10', '00:04:00', 114, '21:36:25', '00:05:39', 16),
(96, '2021-06-22', '23:17:11', 481, 6, 'Pick & Place (TOP)', '23:17:41', '23:30:31', '00:12:50', 114, '23:31:45', '00:14:34', 16),
(97, '2021-06-23', '08:47:55', 141, 6, 'Pick & Place (TOP)', '08:49:09', '08:49:16', '00:00:07', 473, '20:21:32', '11:33:37', 36),
(98, '2021-06-23', '20:19:48', 481, 8, 'AOI (TOP)', '20:20:04', '20:21:39', '00:01:35', 114, '22:15:18', '01:55:30', 16),
(99, '2021-06-23', '20:21:03', 556, 26, 'FCT 2', '20:22:20', '22:03:55', '01:41:35', 114, '22:14:59', '01:53:56', 16),
(100, '2021-06-24', '01:31:50', 482, 8, 'AOI (TOP)', '01:32:17', '02:11:12', '00:38:55', 114, '23:25:06', '21:53:16', 16),
(101, '2021-06-24', '14:55:47', 141, 12, 'Pick & Place (BOTTOM)', '14:58:03', '14:58:12', '00:00:09', 157, '23:24:23', '08:28:36', 16),
(102, '2021-06-25', '02:38:26', 482, 12, 'Pick & Place (BOTTOM)', '02:38:49', '02:47:29', '00:08:40', 114, '02:49:50', '00:11:24', 16),
(103, '2021-06-25', '08:25:28', 141, 26, 'FCT 2', '11:02:06', '11:02:14', '00:00:08', 473, '21:39:51', '13:14:23', 16),
(104, '2021-06-25', '09:48:36', 141, 3, 'Label Barcode (TOP)', '09:48:54', '09:53:18', '00:04:24', 473, '21:41:30', '11:52:54', 16),
(105, '2021-06-25', '12:49:47', 141, 9, 'Label Barcode (BOTTOM)', '12:50:09', '12:57:39', '00:07:30', 473, '21:40:57', '08:51:10', 16),
(106, '2021-06-25', '14:45:49', 141, 6, 'Pick & Place (TOP)', '14:46:12', '14:46:52', '00:00:40', 473, '21:41:48', '06:55:59', 16),
(107, '2021-06-26', '06:03:59', 507, 18, 'Selective Solder 1', '06:04:44', '06:05:40', '00:00:56', 114, '10:44:55', '04:40:56', 16),
(108, '2021-06-27', '19:35:28', 141, 12, 'Pick & Place (BOTTOM)', '19:38:44', '21:35:16', '01:56:32', 157, '21:40:31', '02:05:03', 16),
(109, '2021-06-28', '09:40:27', 482, 6, 'Pick & Place (TOP)', '09:40:49', '09:44:00', '00:03:11', 114, '09:44:39', '00:04:12', 36),
(110, '2021-06-28', '10:45:46', 507, 18, 'Selective Solder 1', '10:46:03', '10:50:18', '00:04:15', 114, '10:51:10', '00:05:24', 36),
(111, '2021-06-28', '17:12:52', 482, 12, 'Pick & Place (BOTTOM)', '17:13:22', '17:27:37', '00:14:15', 114, '17:41:19', '00:28:27', 36),
(112, '2021-06-28', '17:41:57', 482, 12, 'Pick & Place (BOTTOM)', '17:42:29', '18:33:10', '00:50:41', 114, '18:38:11', '00:56:14', 36),
(113, '2021-06-29', '23:30:25', 141, 6, 'Pick & Place (TOP)', '23:33:45', '23:33:53', '00:00:08', 157, '21:38:38', '22:08:13', 16),
(114, '2021-07-05', '14:52:29', 141, 13, 'Reflow Oven (BOTTOM)', '14:53:31', '14:53:37', '00:00:06', 157, '21:39:29', '06:47:00', 16),
(115, '2021-07-08', '01:35:49', 482, 8, 'AOI (TOP)', '01:36:39', '04:19:58', '02:43:19', 114, '04:23:09', '02:47:20', 36),
(116, '2021-07-09', '15:55:48', 141, 9, 'Label Barcode (BOTTOM)', '15:59:44', '21:37:04', '05:37:20', 157, '21:39:03', '05:43:15', 16),
(117, '2021-07-09', '21:40:27', 556, 24, 'Router', '21:40:51', '22:32:02', '00:51:11', 114, '22:36:13', '00:55:46', 36),
(118, '2021-07-12', '20:04:02', 141, 18, 'Selective Solder 1', '20:04:51', '20:13:58', '00:09:07', 114, '20:22:22', '00:18:20', 36),
(119, '2021-07-12', '21:48:18', 141, 19, 'Selective Solder 2', '21:54:34', '21:54:42', '00:00:08', 114, '21:56:24', '00:08:06', 36),
(120, '2021-07-14', '23:12:15', 141, 3, 'Label Barcode (TOP)', '23:12:49', '23:26:41', '00:13:52', 114, '00:52:08', '01:39:53', 16),
(121, '2021-07-16', '00:42:32', 141, 6, 'Pick & Place (TOP)', '00:47:09', '00:49:09', '00:02:00', 114, '00:51:47', '00:09:15', 36),
(122, '2021-07-16', '05:18:19', 141, 6, 'Pick & Place (TOP)', '05:43:39', '13:43:49', '08:00:10', 114, '11:44:51', '06:26:32', 16),
(123, '2021-07-16', '09:38:25', 482, 12, 'Pick & Place (BOTTOM)', '13:42:23', '13:42:40', '00:00:17', 473, '03:03:41', '17:25:16', 16),
(124, '2021-07-22', '14:06:44', 141, 11, 'SPI (BOTTOM)', '14:07:23', '14:20:59', '00:13:36', 473, '02:32:59', '12:26:15', 16),
(125, '2021-07-26', '11:45:09', 481, 6, 'Pick & Place (TOP)', '11:45:28', '11:57:43', '00:12:15', 114, '11:59:26', '00:14:17', 36),
(126, '2021-07-26', '17:11:03', 481, 4, 'Solder Paste Printing (TOP)', '17:11:22', '17:16:50', '00:05:28', 114, '17:18:20', '00:07:17', 36),
(127, '2021-07-28', '07:34:50', 481, 3, 'Label Barcode (TOP)', '07:35:16', '07:50:11', '00:14:55', 114, '07:51:40', '00:16:50', 16),
(128, '2021-07-28', '08:00:55', 481, 3, 'Label Barcode (TOP)', '08:01:21', '08:03:04', '00:01:43', 114, '08:04:44', '00:03:49', 16),
(129, '2021-08-01', '19:15:12', 481, 3, 'Label Barcode (TOP)', '19:15:33', '20:52:13', '01:36:40', 114, '20:54:21', '01:39:09', 16),
(130, '2021-08-01', '20:53:25', 481, 4, 'Solder Paste Printing (TOP)', '20:53:45', '21:21:35', '00:27:50', 114, '21:26:17', '00:32:52', 16),
(131, '2021-08-03', '03:04:07', 482, 12, 'Pick & Place (BOTTOM)', '03:04:26', '03:55:10', '00:50:44', 114, '03:56:12', '00:52:05', 16),
(132, '2021-08-03', '14:05:57', 141, 10, 'Solder Paste Printing (BOTTOM)', '14:06:33', '14:23:06', '00:16:33', 473, '17:35:34', '03:29:37', 36),
(133, '2021-08-03', '17:36:01', 141, 10, 'Solder Paste Printing (BOTTOM)', '17:36:51', '17:39:06', '00:02:15', 473, '02:33:20', '08:57:19', 16),
(134, '2021-08-04', '02:30:37', 482, 12, 'Pick & Place (BOTTOM)', '02:30:54', '02:38:36', '00:07:42', 114, '02:41:02', '00:10:25', 16),
(135, '2021-08-04', '12:51:59', 141, 4, 'Solder Paste Printing (TOP)', '02:30:37', '02:30:53', '00:00:16', 157, '02:32:17', '13:40:18', 16),
(136, '2021-08-04', '21:20:16', 477, 18, 'Selective Solder 1', '21:21:04', '21:27:08', '00:06:04', 114, '21:28:12', '00:07:56', 16),
(137, '2021-08-05', '23:33:25', 556, 25, 'FCT 1', '23:34:32', '23:39:11', '00:04:39', 114, '23:41:13', '00:07:48', 16),
(138, '2021-08-06', '04:30:19', 481, 4, 'Solder Paste Printing (TOP)', '04:30:58', '04:55:10', '00:24:12', 114, '04:57:22', '00:27:03', 16),
(139, '2021-08-06', '06:35:07', 19, 18, 'Selective Solder 1', '06:35:28', '06:39:09', '00:03:41', 114, '06:40:15', '00:05:08', 16),
(140, '2021-08-09', '21:01:30', 141, 18, 'Selective Solder 1', '21:01:57', '21:04:53', '00:02:56', 114, '21:06:25', '00:04:55', 16),
(141, '2021-08-12', '02:50:04', 141, 20, 'ICT 1', '02:50:36', '03:22:03', '00:31:27', 114, '03:23:53', '00:33:49', 36),
(142, '2021-08-12', '16:59:17', 481, 8, 'AOI (TOP)', '17:21:41', '17:21:49', '00:00:08', 473, '17:40:40', '00:41:23', 16),
(143, '2021-08-12', '17:00:46', 481, 3, 'Label Barcode (TOP)', '17:01:17', '17:05:49', '00:04:32', 473, '17:40:20', '00:39:34', 16),
(144, '2021-08-13', '04:45:15', 141, 12, 'Pick & Place (BOTTOM)', '04:45:33', '04:48:35', '00:03:02', 114, '04:51:19', '00:06:04', 36),
(145, '2021-08-17', '20:08:26', 482, 9, 'Label Barcode (BOTTOM)', '20:08:50', '20:12:24', '00:03:34', 114, '20:17:18', '00:08:52', 36),
(146, '2021-08-17', '20:15:01', 482, 12, 'Pick & Place (BOTTOM)', '20:16:02', '20:18:04', '00:02:02', 114, '20:19:52', '00:04:51', 16),
(147, '2021-08-17', '22:23:04', 482, 14, 'AOI (BOTTOM)', '22:23:34', '22:35:05', '00:11:31', 114, '22:36:43', '00:13:39', 16),
(148, '2021-08-19', '02:44:02', 481, 3, 'Label Barcode (TOP)', '02:44:43', '03:14:51', '00:30:08', 114, '03:51:11', '01:07:09', 36),
(149, '2021-08-19', '04:58:12', 482, 12, 'Pick & Place (BOTTOM)', '05:20:42', '05:19:19', '00:18:30', 114, '05:21:00', '00:22:48', 36),
(150, '2021-08-19', '08:36:33', 141, 12, 'Pick & Place (BOTTOM)', '08:37:36', '08:51:38', '00:14:02', 473, '20:54:38', '12:18:05', 36),
(151, '2021-08-19', '09:32:12', 141, 2, 'PWB Cleaning', '09:32:49', '09:37:03', '00:04:14', 473, '06:19:28', '20:47:16', 16),
(152, '2021-08-19', '20:55:35', 482, 12, 'Pick & Place (BOTTOM)', '20:56:39', '21:04:38', '00:07:59', 114, '21:06:22', '00:10:47', 36),
(153, '2021-08-20', '13:16:16', 141, 3, 'Label Barcode (TOP)', '13:17:53', '13:26:03', '00:08:10', 157, '14:01:49', '00:45:33', 141),
(154, '2021-08-20', '14:03:34', 141, 3, 'Label Barcode (TOP)', '14:05:13', '14:43:29', '00:38:16', 157, '04:21:56', '14:18:22', 36),
(155, '2021-08-20', '14:41:17', 141, 12, 'Pick & Place (BOTTOM)', '14:42:23', '15:07:17', '00:24:54', 473, '15:09:44', '00:28:27', 36),
(156, '2021-08-26', '15:13:37', 482, 12, 'Pick & Place (BOTTOM)', '15:14:36', '15:16:09', '00:01:33', 114, '15:24:03', '00:10:26', 36),
(157, '2021-08-26', '15:24:58', 482, 12, 'Pick & Place (BOTTOM)', '15:26:15', '15:31:19', '00:05:04', 114, '07:49:14', '16:24:16', 16),
(158, '2021-08-27', '07:50:18', 482, 12, 'Pick & Place (BOTTOM)', '07:51:52', '07:55:24', '00:03:32', 319, '07:57:53', '00:07:35', 36),
(159, '2021-08-27', '10:34:13', 482, 11, 'SPI (BOTTOM)', '10:35:08', '10:44:17', '00:09:09', 319, '10:46:09', '00:11:56', 36),
(160, '2021-08-27', '15:04:27', 482, 12, 'Pick & Place (BOTTOM)', '15:06:21', '15:09:40', '00:03:19', 473, '14:58:36', '23:54:09', 16),
(161, '2021-08-30', '08:39:17', 141, 6, 'Pick & Place (TOP)', '08:40:09', '08:58:11', '00:18:02', 473, '06:18:12', '21:38:55', 16),
(162, '2021-08-31', '14:41:15', 141, 11, 'SPI (BOTTOM)', '14:46:19', '14:47:07', '00:00:48', 473, NULL, NULL, 0),
(163, '2021-09-01', '10:39:54', 141, 11, 'SPI (BOTTOM)', '10:40:57', '11:42:50', '01:01:53', 473, '06:20:35', '19:40:41', 16),
(164, '2021-09-10', '14:59:43', 482, 12, 'Pick & Place (BOTTOM)', '15:00:42', '15:01:32', '00:00:50', 319, '06:21:48', '15:22:05', 16),
(165, '2021-09-13', '04:22:50', 481, 3, 'Label Barcode (TOP)', '04:25:19', '04:48:34', '00:23:15', 157, '05:16:50', '00:54:00', 36),
(166, '2021-12-20', '06:06:05', 19, 5, 'SPI (TOP)', '06:07:04', '06:14:59', '00:07:55', 114, '06:17:14', '00:11:09', 16),
(167, '2022-01-20', '13:50:29', 8, 6, 'Pick & Place (TOP)', '13:54:30', '13:55:13', '00:00:43', 114, '22:01:46', '08:11:17', 16),
(168, '2022-02-22', '08:06:20', 19, 20, 'ICT 1', '08:11:37', '08:12:00', '00:00:23', 114, '08:13:09', '00:06:49', 16),
(169, '2022-02-22', '08:25:25', 19, 11, 'SPI (BOTTOM)', '08:25:55', '08:26:10', '00:00:15', 114, '09:27:30', '01:02:05', 16),
(170, '2022-02-22', '08:39:31', 19, 3, 'Label Barcode (TOP)', '08:46:06', '09:20:39', '00:34:33', 114, '09:26:35', '00:47:04', 16),
(171, '2022-02-22', '08:40:12', 19, 1, 'Destecker', NULL, NULL, NULL, 0, NULL, NULL, 0),
(172, '2022-02-22', '08:41:47', 19, 1, 'Destecker', '09:11:18', '09:11:26', '00:00:08', 114, '09:24:16', '00:42:29', 16),
(173, '2022-02-22', '08:44:18', 19, 2, 'PWB Cleaning', '09:05:52', '09:20:14', '00:14:22', 319, '09:25:58', '00:41:40', 16),
(174, '2022-02-22', '08:46:13', 19, 5, 'SPI (TOP)', '09:05:33', '09:21:01', '00:15:28', 319, '09:26:17', '00:40:04', 16),
(175, '2022-02-22', '09:03:05', 19, 7, 'Reflow Oven (TOP)', '09:14:38', '09:21:18', '00:06:40', 114, '09:26:55', '00:23:50', 16),
(176, '2022-02-22', '09:09:14', 19, 8, 'AOI (TOP)', '09:09:58', '09:22:12', '00:12:14', 114, '09:27:14', '00:18:00', 16),
(177, '2022-02-22', '09:24:38', 19, 12, 'Pick & Place (BOTTOM)', '09:25:02', '09:29:42', '00:04:40', 114, '09:33:37', '00:08:59', 144),
(178, '2022-02-22', '09:42:00', 19, 29, 'Coating', '09:43:01', '09:43:15', '00:00:14', 633, '09:44:48', '00:02:48', 144),
(179, '2022-02-22', '10:01:16', 19, 24, 'Router', '10:01:46', '10:03:22', '00:01:36', 633, '10:04:31', '00:03:15', 144),
(180, '2022-02-22', '11:26:12', 19, 29, 'Coating', '11:28:29', '11:34:42', '00:06:13', 114, '11:38:24', '00:12:12', 144),
(181, '2022-02-22', '11:28:31', 19, 1, 'Destecker', '11:34:52', '11:35:03', '00:00:11', 114, '11:35:56', '00:07:25', 144),
(182, '2022-02-22', '11:32:48', 19, 24, 'Router', '11:33:42', '11:33:55', '00:00:13', 633, '11:35:57', '00:03:09', 144),
(183, '2022-02-22', '12:30:11', 578, 3, 'Label Barcode (TOP)', '12:30:33', '12:31:22', '00:00:49', 633, '12:33:33', '00:03:22', 144),
(184, '2022-02-23', '08:03:19', 613, 12, 'Pick & Place (BOTTOM)', '08:04:53', '09:23:48', '01:18:55', 114, '09:26:09', '01:22:50', 144),
(185, '2022-02-26', '09:41:39', 482, 12, 'Pick & Place (BOTTOM)', '09:42:03', '09:43:40', '00:01:37', 114, '09:45:00', '00:03:21', 36),
(186, '2022-03-01', '12:40:46', 141, 12, 'Pick & Place (BOTTOM)', '12:41:41', '12:44:07', '00:02:26', 114, '12:45:50', '00:05:04', 36),
(187, '2022-03-02', '07:05:28', 141, 12, 'Pick & Place (BOTTOM)', '07:05:57', '07:19:37', '00:13:40', 114, '10:43:37', '03:38:09', 36),
(188, '2022-03-02', '10:44:30', 141, 12, 'Pick & Place (BOTTOM)', '10:45:17', '10:48:35', '00:03:18', 114, '10:50:37', '00:06:07', 36);

--
-- Ketidakleluasaan untuk tabel pelimpahan (Dumped Tables)
--

--
-- Ketidakleluasaan untuk tabel `smt_action`
--
ALTER TABLE `smt_action`
  ADD CONSTRAINT `id-trouble` FOREIGN KEY (`id_trouble`) REFERENCES `smt_report` (`id_trouble`) ON DELETE CASCADE ON UPDATE CASCADE,
  ADD CONSTRAINT `smt_action_ibfk_1` FOREIGN KEY (`no_station`) REFERENCES `smt` (`no`) ON DELETE CASCADE ON UPDATE CASCADE;

--
-- Ketidakleluasaan untuk tabel `smt_report`
--
ALTER TABLE `smt_report`
  ADD CONSTRAINT `station` FOREIGN KEY (`no_station`) REFERENCES `smt` (`no`) ON DELETE CASCADE ON UPDATE CASCADE;

/*!40101 SET CHARACTER_SET_CLIENT=@OLD_CHARACTER_SET_CLIENT */;
/*!40101 SET CHARACTER_SET_RESULTS=@OLD_CHARACTER_SET_RESULTS */;
/*!40101 SET COLLATION_CONNECTION=@OLD_COLLATION_CONNECTION */;
